<?xml version="1.0" encoding="UTF-8"?>
<!DOCTYPE suite SYSTEM "https://testng.org/testng-1.0.dtd">
<suite name="Hackathon Project">
<listeners>
<listener class-name="Utilities.Extent_Report"/>
</listeners>

  <test thread-count="5" name="Test">
  	<parameter name="browser" value="chrome"></parameter>
  	<!--<parameter name="os" value="windows"/> -->
  	<classes>
  		<class name="testCases.TC1_CarLoan"/>
  		<class name="testCases.TC2_HomeEmiCalc"/>
  		<class name="testCases.TC3_LoanCalc"/>
  	</classes>
  </test> <!-- Test -->
  
</suite> <!-- Hackathon Project -->
